filename,width,height,class,xmin,ymin,xmax,ymax
118_jpg.rf.025b864c5f7b900a620a2dc3dccc0c28.jpg,756,347,VDC,145,141,182,200
118_jpg.rf.025b864c5f7b900a620a2dc3dccc0c28.jpg,756,347,VDC,616,183,652,233
118_jpg.rf.025b864c5f7b900a620a2dc3dccc0c28.jpg,756,347,R,331,265,384,288
118_jpg.rf.025b864c5f7b900a620a2dc3dccc0c28.jpg,756,347,VDC,431,255,491,299
118_jpg.rf.025b864c5f7b900a620a2dc3dccc0c28.jpg,756,347,R,504,62,553,84
118_jpg.rf.025b864c5f7b900a620a2dc3dccc0c28.jpg,756,347,R,402,64,452,89
118_jpg.rf.025b864c5f7b900a620a2dc3dccc0c28.jpg,756,347,VDC,316,64,366,95
118_jpg.rf.025b864c5f7b900a620a2dc3dccc0c28.jpg,756,347,R,248,73,293,95
116_jpg.rf.03629d52e295ed75e80532a23003ac23.jpg,708,278,VDC,111,90,143,149
116_jpg.rf.03629d52e295ed75e80532a23003ac23.jpg,708,278,R,591,104,609,155
116_jpg.rf.03629d52e295ed75e80532a23003ac23.jpg,708,278,IDC,338,105,373,155
116_jpg.rf.03629d52e295ed75e80532a23003ac23.jpg,708,278,R,225,54,273,70
116_jpg.rf.03629d52e295ed75e80532a23003ac23.jpg,708,278,R,429,55,486,70
56_jpg.rf.1e0e076c3d37b0e2cfc96f7cbb129731.jpg,1968,647,R,801,220,855,377
56_jpg.rf.1e0e076c3d37b0e2cfc96f7cbb129731.jpg,1968,647,VDC,373,215,492,395
56_jpg.rf.1e0e076c3d37b0e2cfc96f7cbb129731.jpg,1968,647,R,1166,250,1220,375
56_jpg.rf.1e0e076c3d37b0e2cfc96f7cbb129731.jpg,1968,647,R,1491,250,1580,387
56_jpg.rf.1e0e076c3d37b0e2cfc96f7cbb129731.jpg,1968,647,GND,896,540,1005,620
50_jpg.rf.13115828619906dfc25945dfcbd9ab30.jpg,1624,1010,VDC,683,145,880,305
50_jpg.rf.13115828619906dfc25945dfcbd9ab30.jpg,1624,1010,R,553,395,677,472
50_jpg.rf.13115828619906dfc25945dfcbd9ab30.jpg,1624,1010,VDC,836,365,1000,515
50_jpg.rf.13115828619906dfc25945dfcbd9ab30.jpg,1624,1010,IDC,721,465,833,657
50_jpg.rf.13115828619906dfc25945dfcbd9ab30.jpg,1624,1010,R,388,538,460,708
50_jpg.rf.13115828619906dfc25945dfcbd9ab30.jpg,1624,1010,R,1091,608,1147,755
54_jpg.rf.013e1816411b54fc51f016eabeea52b8.jpg,2023,780,R,1438,98,1564,158
54_jpg.rf.013e1816411b54fc51f016eabeea52b8.jpg,2023,780,R,956,115,1115,162
54_jpg.rf.013e1816411b54fc51f016eabeea52b8.jpg,2023,780,R,556,118,715,180
54_jpg.rf.013e1816411b54fc51f016eabeea52b8.jpg,2023,780,R,1653,275,1742,407
54_jpg.rf.013e1816411b54fc51f016eabeea52b8.jpg,2023,780,R,1271,275,1315,437
54_jpg.rf.013e1816411b54fc51f016eabeea52b8.jpg,2023,780,R,846,318,893,420
54_jpg.rf.013e1816411b54fc51f016eabeea52b8.jpg,2023,780,VDC,366,293,500,458
54_jpg.rf.013e1816411b54fc51f016eabeea52b8.jpg,2023,780,GND,998,628,1135,720
41_jpg.rf.174fc4045ce0282b00116364e16aac44.jpg,1604,1014,VDC,578,83,800,248
41_jpg.rf.174fc4045ce0282b00116364e16aac44.jpg,1604,1014,R,386,305,570,380
41_jpg.rf.174fc4045ce0282b00116364e16aac44.jpg,1604,1014,R,821,320,977,395
41_jpg.rf.174fc4045ce0282b00116364e16aac44.jpg,1604,1014,R,1118,495,1184,675
41_jpg.rf.174fc4045ce0282b00116364e16aac44.jpg,1604,1014,R,248,520,330,742
109_jpg.rf.151395c03a030453595526fb3e9b7c07.jpg,610,313,IDC,71,118,108,172
109_jpg.rf.151395c03a030453595526fb3e9b7c07.jpg,610,313,IDC,493,132,528,179
109_jpg.rf.151395c03a030453595526fb3e9b7c07.jpg,610,313,IDC,297,138,336,181
29_jpg.rf.17483f237a245e3d11613943762d0de5.jpg,1982,828,R,743,145,925,240
29_jpg.rf.17483f237a245e3d11613943762d0de5.jpg,1982,828,R,1393,165,1579,262
29_jpg.rf.17483f237a245e3d11613943762d0de5.jpg,1982,828,R,533,260,610,402
29_jpg.rf.17483f237a245e3d11613943762d0de5.jpg,1982,828,R,1092,397,1184,572
29_jpg.rf.17483f237a245e3d11613943762d0de5.jpg,1982,828,R,518,469,567,606
29_jpg.rf.17483f237a245e3d11613943762d0de5.jpg,1982,828,R,712,483,754,602
29_jpg.rf.17483f237a245e3d11613943762d0de5.jpg,1982,828,R,1345,717,1608,828
44_jpg.rf.1febe2cf52dae2ff5328e44e09ff7f22.jpg,1612,1018,R,468,180,585,240
44_jpg.rf.1febe2cf52dae2ff5328e44e09ff7f22.jpg,1612,1018,R,581,313,630,440
44_jpg.rf.1febe2cf52dae2ff5328e44e09ff7f22.jpg,1612,1018,R,1131,393,1182,523
44_jpg.rf.1febe2cf52dae2ff5328e44e09ff7f22.jpg,1612,1018,VDC,216,490,343,627
44_jpg.rf.1febe2cf52dae2ff5328e44e09ff7f22.jpg,1612,1018,VDC,518,570,642,710
105_jpg.rf.20775e7d4b6c2b1cba70f1ab691b0f98.jpg,680,294,VDC,347,122,392,151
105_jpg.rf.20775e7d4b6c2b1cba70f1ab691b0f98.jpg,680,294,R,122,135,170,157
105_jpg.rf.20775e7d4b6c2b1cba70f1ab691b0f98.jpg,680,294,R,55,165,79,198
105_jpg.rf.20775e7d4b6c2b1cba70f1ab691b0f98.jpg,680,294,R,432,163,444,201
105_jpg.rf.20775e7d4b6c2b1cba70f1ab691b0f98.jpg,680,294,IDC,273,179,301,209
105_jpg.rf.20775e7d4b6c2b1cba70f1ab691b0f98.jpg,680,294,VDC,249,65,297,102
40_jpg.rf.1cf4a884173551171fbb0afe42ebc847.jpg,1466,1118,R,636,273,698,380
40_jpg.rf.1cf4a884173551171fbb0afe42ebc847.jpg,1466,1118,R,376,295,425,407
40_jpg.rf.1cf4a884173551171fbb0afe42ebc847.jpg,1466,1118,VDC,908,533,1074,680
40_jpg.rf.1cf4a884173551171fbb0afe42ebc847.jpg,1466,1118,R,363,590,415,705
40_jpg.rf.1cf4a884173551171fbb0afe42ebc847.jpg,1466,1118,R,643,623,707,810
3_jpg.rf.20d36655899fd9d4e8bd06086cd9aadf.jpg,1808,906,R,581,160,745,222
3_jpg.rf.20d36655899fd9d4e8bd06086cd9aadf.jpg,1808,906,R,1011,173,1215,290
3_jpg.rf.20d36655899fd9d4e8bd06086cd9aadf.jpg,1808,906,R,423,365,532,530
3_jpg.rf.20d36655899fd9d4e8bd06086cd9aadf.jpg,1808,906,R,1333,368,1437,533
3_jpg.rf.20d36655899fd9d4e8bd06086cd9aadf.jpg,1808,906,IDC,803,395,937,532
127_jpg.rf.227a501fd919138c8c8bb7772bfbe888.jpg,682,295,R,353,115,415,134
127_jpg.rf.227a501fd919138c8c8bb7772bfbe888.jpg,682,295,R,142,123,189,145
127_jpg.rf.227a501fd919138c8c8bb7772bfbe888.jpg,682,295,VDC,530,137,563,200
127_jpg.rf.227a501fd919138c8c8bb7772bfbe888.jpg,682,295,R,213,155,239,205
127_jpg.rf.227a501fd919138c8c8bb7772bfbe888.jpg,682,295,VDC,142,228,194,261
127_jpg.rf.227a501fd919138c8c8bb7772bfbe888.jpg,682,295,R,206,54,232,97
57_jpg.rf.2157bccef7e8b6539f0bc627113218c5.jpg,1807,783,R,646,318,708,448
57_jpg.rf.2157bccef7e8b6539f0bc627113218c5.jpg,1807,783,R,1431,290,1507,487
57_jpg.rf.2157bccef7e8b6539f0bc627113218c5.jpg,1807,783,R,1071,318,1120,475
57_jpg.rf.2157bccef7e8b6539f0bc627113218c5.jpg,1807,783,VDC,278,333,410,485
57_jpg.rf.2157bccef7e8b6539f0bc627113218c5.jpg,1807,783,GND,816,638,940,738
122_jpg.rf.27fe7392d36d7b312f94acb4ef14eddb.jpg,692,321,R,210,96,270,117
122_jpg.rf.27fe7392d36d7b312f94acb4ef14eddb.jpg,692,321,R,309,155,336,209
122_jpg.rf.27fe7392d36d7b312f94acb4ef14eddb.jpg,692,321,VDC,113,157,138,212
122_jpg.rf.27fe7392d36d7b312f94acb4ef14eddb.jpg,692,321,R,377,83,464,109
48_jpg.rf.3446083873806808cfe4cc017f74a1c2.jpg,1846,888,R,701,180,868,257
48_jpg.rf.3446083873806808cfe4cc017f74a1c2.jpg,1846,888,R,1208,183,1457,270
48_jpg.rf.3446083873806808cfe4cc017f74a1c2.jpg,1846,888,R,533,345,627,545
48_jpg.rf.3446083873806808cfe4cc017f74a1c2.jpg,1846,888,IDC,241,335,395,575
48_jpg.rf.3446083873806808cfe4cc017f74a1c2.jpg,1846,888,VDC,923,383,1064,570
52_jpg.rf.30fbf2f22164e5813475dbdc0c00c578.jpg,1500,1100,VDC_I,523,228,710,365
52_jpg.rf.30fbf2f22164e5813475dbdc0c00c578.jpg,1500,1100,IDC,766,463,910,570
52_jpg.rf.30fbf2f22164e5813475dbdc0c00c578.jpg,1500,1100,R,401,503,540,573
52_jpg.rf.30fbf2f22164e5813475dbdc0c00c578.jpg,1500,1100,R,268,593,315,728
52_jpg.rf.30fbf2f22164e5813475dbdc0c00c578.jpg,1500,1100,R,653,633,692,753
52_jpg.rf.30fbf2f22164e5813475dbdc0c00c578.jpg,1500,1100,R,956,633,1022,758
14_jpg.rf.2b6a4ae6eb021afbc36bec6efac82147.jpg,1846,888,VDC,1098,170,1319,327
14_jpg.rf.2b6a4ae6eb021afbc36bec6efac82147.jpg,1846,888,R,611,250,848,320
14_jpg.rf.2b6a4ae6eb021afbc36bec6efac82147.jpg,1846,888,R,1461,340,1535,492
14_jpg.rf.2b6a4ae6eb021afbc36bec6efac82147.jpg,1846,888,VDC,293,428,455,675
6_jpg.rf.20d9fbd2634e61fef757a0657f91f52b.jpg,1656,990,R,853,318,950,560
6_jpg.rf.20d9fbd2634e61fef757a0657f91f52b.jpg,1656,990,R,533,340,630,540
6_jpg.rf.20d9fbd2634e61fef757a0657f91f52b.jpg,1656,990,VDC,201,370,293,545
6_jpg.rf.20d9fbd2634e61fef757a0657f91f52b.jpg,1656,990,R,1193,338,1312,580
47_jpg.rf.3af22b1d711d630bd5727c06cc2b86dc.jpg,1978,828,R,1019,152,1188,228
47_jpg.rf.3af22b1d711d630bd5727c06cc2b86dc.jpg,1978,828,R,642,152,825,231
47_jpg.rf.3af22b1d711d630bd5727c06cc2b86dc.jpg,1978,828,R,616,313,782,393
47_jpg.rf.3af22b1d711d630bd5727c06cc2b86dc.jpg,1978,828,R,1046,323,1207,391
47_jpg.rf.3af22b1d711d630bd5727c06cc2b86dc.jpg,1978,828,R,511,460,560,584
47_jpg.rf.3af22b1d711d630bd5727c06cc2b86dc.jpg,1978,828,IDC,846,473,935,578
47_jpg.rf.3af22b1d711d630bd5727c06cc2b86dc.jpg,1978,828,IDC,1584,485,1680,618
47_jpg.rf.3af22b1d711d630bd5727c06cc2b86dc.jpg,1978,828,IDC,216,462,387,650
47_jpg.rf.3af22b1d711d630bd5727c06cc2b86dc.jpg,1978,828,R,1272,497,1334,630
115_jpg.rf.2e8d962598143354bba61849683b02f0.jpg,698,272,IDC,97,111,140,144
115_jpg.rf.2e8d962598143354bba61849683b02f0.jpg,698,272,R,287,105,308,154
115_jpg.rf.2e8d962598143354bba61849683b02f0.jpg,698,272,R,566,105,606,168
17_jpg.rf.3821ded06ee91e664e8c3452bf3d637b.jpg,1960,840,R,1056,203,1142,368
17_jpg.rf.3821ded06ee91e664e8c3452bf3d637b.jpg,1960,840,VDC,565,340,700,535
17_jpg.rf.3821ded06ee91e664e8c3452bf3d637b.jpg,1960,840,R,1103,490,1162,677
102_jpg.rf.284e25e3ba52d60d4f140d946c0ca8d5.jpg,684,314,R,246,92,316,110
102_jpg.rf.284e25e3ba52d60d4f140d946c0ca8d5.jpg,684,314,R,412,95,480,111
102_jpg.rf.284e25e3ba52d60d4f140d946c0ca8d5.jpg,684,314,R,345,153,367,203
102_jpg.rf.284e25e3ba52d60d4f140d946c0ca8d5.jpg,684,314,IDC_I,509,147,545,213
102_jpg.rf.284e25e3ba52d60d4f140d946c0ca8d5.jpg,684,314,VDC,118,161,164,201
113_jpg.rf.2fea49f6ec46c0c61275f1c44ebeb7ee.jpg,698,340,R,272,133,297,174
113_jpg.rf.2fea49f6ec46c0c61275f1c44ebeb7ee.jpg,698,340,R,590,125,610,185
113_jpg.rf.2fea49f6ec46c0c61275f1c44ebeb7ee.jpg,698,340,IDC,109,144,141,193
113_jpg.rf.2fea49f6ec46c0c61275f1c44ebeb7ee.jpg,698,340,R,272,202,292,246
113_jpg.rf.2fea49f6ec46c0c61275f1c44ebeb7ee.jpg,698,340,R,414,66,487,92
15_jpg.rf.2e5a549a4fb2d471bb3b88cd22bfcb43.jpg,1562,1048,R,1103,230,1156,334
15_jpg.rf.2e5a549a4fb2d471bb3b88cd22bfcb43.jpg,1562,1048,R,802,231,848,348
15_jpg.rf.2e5a549a4fb2d471bb3b88cd22bfcb43.jpg,1562,1048,VDC,281,355,428,525
15_jpg.rf.2e5a549a4fb2d471bb3b88cd22bfcb43.jpg,1562,1048,R,769,576,838,707
15_jpg.rf.2e5a549a4fb2d471bb3b88cd22bfcb43.jpg,1562,1048,R,1108,589,1149,707
103_jpg.rf.4e76975456c2bb07b5b9e0513ee8844f.jpg,630,335,R,308,85,332,124
103_jpg.rf.4e76975456c2bb07b5b9e0513ee8844f.jpg,630,335,R,118,97,147,134
103_jpg.rf.4e76975456c2bb07b5b9e0513ee8844f.jpg,630,335,VDC,513,107,545,173
103_jpg.rf.4e76975456c2bb07b5b9e0513ee8844f.jpg,630,335,VDC_I,159,129,238,177
103_jpg.rf.4e76975456c2bb07b5b9e0513ee8844f.jpg,630,335,R,316,178,336,224
103_jpg.rf.4e76975456c2bb07b5b9e0513ee8844f.jpg,630,335,IDC,105,182,151,239
59_jpg.rf.3c1998c2df25529177def8d8e3c94b29.jpg,1505,749,R,669,156,788,222
59_jpg.rf.3c1998c2df25529177def8d8e3c94b29.jpg,1505,749,R,1045,330,1108,456
59_jpg.rf.3c1998c2df25529177def8d8e3c94b29.jpg,1505,749,VDC,381,324,534,514
59_jpg.rf.3c1998c2df25529177def8d8e3c94b29.jpg,1505,749,R,665,588,774,652
20_jpg.rf.5030878993536895c757a3b5e09938f6.jpg,1954,838,VDC,963,163,1132,298
20_jpg.rf.5030878993536895c757a3b5e09938f6.jpg,1954,838,R,423,205,632,272
20_jpg.rf.5030878993536895c757a3b5e09938f6.jpg,1954,838,R,1301,338,1372,483
20_jpg.rf.5030878993536895c757a3b5e09938f6.jpg,1954,838,VDC,696,313,805,525
20_jpg.rf.5030878993536895c757a3b5e09938f6.jpg,1954,838,R,421,603,608,695
20_jpg.rf.5030878993536895c757a3b5e09938f6.jpg,1954,838,VDC,938,590,1122,710
108_jpg.rf.11eb9580f35c0d1b9979597df7ad86e6.jpg,664,334,VDC,80,144,115,193
108_jpg.rf.11eb9580f35c0d1b9979597df7ad86e6.jpg,664,334,R,460,52,508,69
108_jpg.rf.11eb9580f35c0d1b9979597df7ad86e6.jpg,664,334,R,278,56,325,86
108_jpg.rf.11eb9580f35c0d1b9979597df7ad86e6.jpg,664,334,R,177,62,238,92
111_jpg.rf.465c7d09daefb8d52851f24c404c9dfb.jpg,540,258,R,449,104,474,159
111_jpg.rf.465c7d09daefb8d52851f24c404c9dfb.jpg,540,258,VDC,77,119,118,161
111_jpg.rf.465c7d09daefb8d52851f24c404c9dfb.jpg,540,258,R,167,25,223,61
111_jpg.rf.465c7d09daefb8d52851f24c404c9dfb.jpg,540,258,VDC,302,28,358,75
43_jpg.rf.49bab988d71bcf1381ab66b9ecc4d717.jpg,1838,892,R,698,70,890,175
43_jpg.rf.49bab988d71bcf1381ab66b9ecc4d717.jpg,1838,892,R,1256,335,1330,510
43_jpg.rf.49bab988d71bcf1381ab66b9ecc4d717.jpg,1838,892,VDC,391,380,568,534
18_jpg.rf.636283e394e7601a4928f03406a28280.jpg,1802,908,R,561,145,778,190
18_jpg.rf.636283e394e7601a4928f03406a28280.jpg,1802,908,R,1291,338,1360,518
18_jpg.rf.636283e394e7601a4928f03406a28280.jpg,1802,908,R,956,318,998,545
18_jpg.rf.636283e394e7601a4928f03406a28280.jpg,1802,908,VDC,333,400,490,600
106_jpg.rf.3a089b86d6a037d88286902484c140d9.jpg,732,262,IDC_I,365,86,404,115
106_jpg.rf.3a089b86d6a037d88286902484c140d9.jpg,732,262,R,142,100,202,117
106_jpg.rf.3a089b86d6a037d88286902484c140d9.jpg,732,262,R,519,128,541,165
106_jpg.rf.3a089b86d6a037d88286902484c140d9.jpg,732,262,VDC,58,129,90,167
106_jpg.rf.3a089b86d6a037d88286902484c140d9.jpg,732,262,R,275,136,288,179
106_jpg.rf.3a089b86d6a037d88286902484c140d9.jpg,732,262,R,331,41,395,62
117_jpg.rf.5b0cd1d76e6035802bf8ef6c6e2e06c4.jpg,744,316,R,229,87,302,115
117_jpg.rf.5b0cd1d76e6035802bf8ef6c6e2e06c4.jpg,744,316,R,636,142,670,189
117_jpg.rf.5b0cd1d76e6035802bf8ef6c6e2e06c4.jpg,744,316,R,360,151,389,203
117_jpg.rf.5b0cd1d76e6035802bf8ef6c6e2e06c4.jpg,744,316,VDC,125,157,156,206
117_jpg.rf.5b0cd1d76e6035802bf8ef6c6e2e06c4.jpg,744,316,R,437,73,496,104
12_jpg.rf.56b48668eb0937060ba02abfead03468.jpg,2034,806,R,928,173,1152,260
12_jpg.rf.56b48668eb0937060ba02abfead03468.jpg,2034,806,R,706,310,798,487
12_jpg.rf.56b48668eb0937060ba02abfead03468.jpg,2034,806,IDC,1253,298,1394,528
12_jpg.rf.56b48668eb0937060ba02abfead03468.jpg,2034,806,IDC,331,313,505,535
12_jpg.rf.56b48668eb0937060ba02abfead03468.jpg,2034,806,R,1643,355,1712,517
12_jpg.rf.56b48668eb0937060ba02abfead03468.jpg,2034,806,GND,728,663,837,765
22_jpg.rf.445a3dfe559418702607fe093d2c5f58.jpg,1678,968,VDC,466,140,683,300
22_jpg.rf.445a3dfe559418702607fe093d2c5f58.jpg,1678,968,IDC,181,413,333,585
22_jpg.rf.445a3dfe559418702607fe093d2c5f58.jpg,1678,968,R,778,420,912,632
22_jpg.rf.445a3dfe559418702607fe093d2c5f58.jpg,1678,968,IDC,1201,433,1347,657
101_jpg.rf.56e24436556992ba441c72fd7f32f105.jpg,628,288,R,212,122,232,166
101_jpg.rf.56e24436556992ba441c72fd7f32f105.jpg,628,288,R,412,135,430,187
101_jpg.rf.56e24436556992ba441c72fd7f32f105.jpg,628,288,IDC_I,499,141,531,200
101_jpg.rf.56e24436556992ba441c72fd7f32f105.jpg,628,288,R,249,79,310,97
35_jpg.rf.3c7a0422168602f99802f6bdd04e03e5.jpg,1720,950,VDC,433,133,632,280
35_jpg.rf.3c7a0422168602f99802f6bdd04e03e5.jpg,1720,950,VDC,836,418,1007,565
35_jpg.rf.3c7a0422168602f99802f6bdd04e03e5.jpg,1720,950,R,371,468,525,580
35_jpg.rf.3c7a0422168602f99802f6bdd04e03e5.jpg,1720,950,R,1136,588,1202,718
35_jpg.rf.3c7a0422168602f99802f6bdd04e03e5.jpg,1720,950,IDC,653,605,770,772
35_jpg.rf.3c7a0422168602f99802f6bdd04e03e5.jpg,1720,950,R,178,615,267,797
120_jpg.rf.56104cf15e4f6ccc9261dd2470a664e3.jpg,658,244,R,223,83,249,129
120_jpg.rf.56104cf15e4f6ccc9261dd2470a664e3.jpg,658,244,R,426,95,448,142
120_jpg.rf.56104cf15e4f6ccc9261dd2470a664e3.jpg,658,244,IDC,86,97,119,141
120_jpg.rf.56104cf15e4f6ccc9261dd2470a664e3.jpg,658,244,R,510,42,560,61
120_jpg.rf.56104cf15e4f6ccc9261dd2470a664e3.jpg,658,244,R,307,42,367,68
5_jpg.rf.433b42e6b96014fcd6a863824801732c.jpg,1696,964,R,431,240,520,317
5_jpg.rf.433b42e6b96014fcd6a863824801732c.jpg,1696,964,R,856,248,1030,330
5_jpg.rf.433b42e6b96014fcd6a863824801732c.jpg,1696,964,R,1038,493,1102,655
5_jpg.rf.433b42e6b96014fcd6a863824801732c.jpg,1696,964,IDC,1381,530,1512,665
5_jpg.rf.433b42e6b96014fcd6a863824801732c.jpg,1696,964,R,318,515,415,702
107_jpg.rf.4fdc74ded91fcabd28383e0e76bb72d9.jpg,568,315,R,443,97,465,145
107_jpg.rf.4fdc74ded91fcabd28383e0e76bb72d9.jpg,568,315,R,70,142,85,176
107_jpg.rf.4fdc74ded91fcabd28383e0e76bb72d9.jpg,568,315,R,254,146,279,195
107_jpg.rf.4fdc74ded91fcabd28383e0e76bb72d9.jpg,568,315,VDC,441,164,470,211
107_jpg.rf.4fdc74ded91fcabd28383e0e76bb72d9.jpg,568,315,VDC_I,67,214,94,253
45_jpg.rf.7dc66866cc80b0877c79083b86be7ab0.jpg,1924,858,IDC,948,113,1124,243
45_jpg.rf.7dc66866cc80b0877c79083b86be7ab0.jpg,1924,858,R,746,273,898,365
45_jpg.rf.7dc66866cc80b0877c79083b86be7ab0.jpg,1924,858,R,1146,303,1342,390
45_jpg.rf.7dc66866cc80b0877c79083b86be7ab0.jpg,1924,858,R,975,381,1016,531
45_jpg.rf.7dc66866cc80b0877c79083b86be7ab0.jpg,1924,858,IDC,251,410,385,585
45_jpg.rf.7dc66866cc80b0877c79083b86be7ab0.jpg,1924,858,R,561,408,633,605
45_jpg.rf.7dc66866cc80b0877c79083b86be7ab0.jpg,1924,858,IDC,1633,440,1757,592
45_jpg.rf.7dc66866cc80b0877c79083b86be7ab0.jpg,1924,858,VDC_I,1383,415,1477,625
45_jpg.rf.7dc66866cc80b0877c79083b86be7ab0.jpg,1924,858,VDC,918,543,1057,683
46_jpg.rf.641ffb19ae4db8a6bed550ede206bf4d.jpg,1888,868,VDC,873,105,1005,287
46_jpg.rf.641ffb19ae4db8a6bed550ede206bf4d.jpg,1888,868,R,1046,330,1212,410
46_jpg.rf.641ffb19ae4db8a6bed550ede206bf4d.jpg,1888,868,R,693,325,852,417
46_jpg.rf.641ffb19ae4db8a6bed550ede206bf4d.jpg,1888,868,R,576,453,615,587
46_jpg.rf.641ffb19ae4db8a6bed550ede206bf4d.jpg,1888,868,R,1253,458,1307,620
46_jpg.rf.641ffb19ae4db8a6bed550ede206bf4d.jpg,1888,868,IDC,873,468,1000,635
46_jpg.rf.641ffb19ae4db8a6bed550ede206bf4d.jpg,1888,868,IDC,266,460,438,649
46_jpg.rf.641ffb19ae4db8a6bed550ede206bf4d.jpg,1888,868,IDC,1506,478,1632,660
33_jpg.rf.78d85adae0961ff2ac412e7414c3fb1d.jpg,1688,970,VDC,708,112,942,237
33_jpg.rf.78d85adae0961ff2ac412e7414c3fb1d.jpg,1688,970,R,566,372,730,447
33_jpg.rf.78d85adae0961ff2ac412e7414c3fb1d.jpg,1688,970,R,981,388,1095,450
33_jpg.rf.78d85adae0961ff2ac412e7414c3fb1d.jpg,1688,970,R,848,438,912,535
33_jpg.rf.78d85adae0961ff2ac412e7414c3fb1d.jpg,1688,970,IDC,1351,475,1455,609
33_jpg.rf.78d85adae0961ff2ac412e7414c3fb1d.jpg,1688,970,R,1166,473,1227,622
33_jpg.rf.78d85adae0961ff2ac412e7414c3fb1d.jpg,1688,970,R,451,503,513,632
33_jpg.rf.78d85adae0961ff2ac412e7414c3fb1d.jpg,1688,970,IDC,208,510,330,674
33_jpg.rf.78d85adae0961ff2ac412e7414c3fb1d.jpg,1688,970,VDC_I,841,628,982,785
33_jpg.rf.78d85adae0961ff2ac412e7414c3fb1d.jpg,1688,970,GND,891,848,995,923
51_jpg.rf.63e358a51fd7d1fd9196a96ea384920f.jpg,1648,992,IDC,583,160,800,309
51_jpg.rf.63e358a51fd7d1fd9196a96ea384920f.jpg,1648,992,R,406,450,528,522
51_jpg.rf.63e358a51fd7d1fd9196a96ea384920f.jpg,1648,992,R,753,482,887,540
51_jpg.rf.63e358a51fd7d1fd9196a96ea384920f.jpg,1648,992,R,1086,490,1232,557
51_jpg.rf.63e358a51fd7d1fd9196a96ea384920f.jpg,1648,992,VDC,286,528,395,735
51_jpg.rf.63e358a51fd7d1fd9196a96ea384920f.jpg,1648,992,IDC_I,583,543,717,760
51_jpg.rf.63e358a51fd7d1fd9196a96ea384920f.jpg,1648,992,R,936,603,1005,748
51_jpg.rf.63e358a51fd7d1fd9196a96ea384920f.jpg,1648,992,VDC,1253,588,1372,783
11_jpg.rf.64147d66612d656163b6759773757276.jpg,1878,872,R,573,158,787,228
11_jpg.rf.64147d66612d656163b6759773757276.jpg,1878,872,R,1036,165,1325,245
11_jpg.rf.64147d66612d656163b6759773757276.jpg,1878,872,VDC,363,218,527,483
11_jpg.rf.64147d66612d656163b6759773757276.jpg,1878,872,R,828,275,895,442
11_jpg.rf.64147d66612d656163b6759773757276.jpg,1878,872,VDC,1368,278,1532,577
11_jpg.rf.64147d66612d656163b6759773757276.jpg,1878,872,GND,786,753,1020,872
38_jpg.rf.86be01946ba344bc6309fb2e060a3bff.jpg,1824,898,R,1041,70,1217,135
38_jpg.rf.86be01946ba344bc6309fb2e060a3bff.jpg,1824,898,R,468,238,600,313
38_jpg.rf.86be01946ba344bc6309fb2e060a3bff.jpg,1824,898,VDC,241,405,383,527
38_jpg.rf.86be01946ba344bc6309fb2e060a3bff.jpg,1824,898,R,418,608,542,678
38_jpg.rf.86be01946ba344bc6309fb2e060a3bff.jpg,1824,898,GND,156,653,290,735
38_jpg.rf.86be01946ba344bc6309fb2e060a3bff.jpg,1824,898,R,911,770,1085,870
61_jpg.rf.787277a1198af9418f79344996861567.jpg,1343,698,R,554,98,755,157
61_jpg.rf.787277a1198af9418f79344996861567.jpg,1343,698,VDC,289,245,440,396
61_jpg.rf.787277a1198af9418f79344996861567.jpg,1343,698,R,557,525,735,575
21_jpg.rf.7f3fd96bd1ee88c81615d9b54951d8b1.jpg,1730,946,VDC,793,103,972,278
21_jpg.rf.7f3fd96bd1ee88c81615d9b54951d8b1.jpg,1730,946,R,460,300,735,380
21_jpg.rf.7f3fd96bd1ee88c81615d9b54951d8b1.jpg,1730,946,R,1001,305,1270,407
21_jpg.rf.7f3fd96bd1ee88c81615d9b54951d8b1.jpg,1730,946,VDC,288,395,482,682
21_jpg.rf.7f3fd96bd1ee88c81615d9b54951d8b1.jpg,1730,946,R,1348,450,1417,639
21_jpg.rf.7f3fd96bd1ee88c81615d9b54951d8b1.jpg,1730,946,R,796,478,873,720
125_jpg.rf.7959ed9a49356ee6d9f563f85fa69898.jpg,704,267,R,179,90,228,112
125_jpg.rf.7959ed9a49356ee6d9f563f85fa69898.jpg,704,267,R,491,89,573,119
125_jpg.rf.7959ed9a49356ee6d9f563f85fa69898.jpg,704,267,VDC,99,125,152,178
125_jpg.rf.7959ed9a49356ee6d9f563f85fa69898.jpg,704,267,R,591,122,605,194
125_jpg.rf.7959ed9a49356ee6d9f563f85fa69898.jpg,704,267,R,259,132,277,190
125_jpg.rf.7959ed9a49356ee6d9f563f85fa69898.jpg,704,267,R,441,142,463,203
125_jpg.rf.7959ed9a49356ee6d9f563f85fa69898.jpg,704,267,IDC,515,36,564,69
125_jpg.rf.7959ed9a49356ee6d9f563f85fa69898.jpg,704,267,R,326,91,360,104
10_jpg.rf.9398aeb93d8cfcc1dd9e85f51e0aad0a.jpg,2040,802,IDC_I,908,153,1117,328
10_jpg.rf.9398aeb93d8cfcc1dd9e85f51e0aad0a.jpg,2040,802,IDC,326,298,463,465
10_jpg.rf.9398aeb93d8cfcc1dd9e85f51e0aad0a.jpg,2040,802,R,693,315,765,477
10_jpg.rf.9398aeb93d8cfcc1dd9e85f51e0aad0a.jpg,2040,802,R,1176,318,1242,498
10_jpg.rf.9398aeb93d8cfcc1dd9e85f51e0aad0a.jpg,2040,802,R,1511,348,1565,520
10_jpg.rf.9398aeb93d8cfcc1dd9e85f51e0aad0a.jpg,2040,802,GND,686,658,785,768
34_jpg.rf.8c90253f8d4e0644335dbd8f7d3f67cf.jpg,1940,844,R,508,158,677,273
34_jpg.rf.8c90253f8d4e0644335dbd8f7d3f67cf.jpg,1940,844,VDC,1016,150,1285,330
34_jpg.rf.8c90253f8d4e0644335dbd8f7d3f67cf.jpg,1940,844,VDC_I,261,278,460,560
34_jpg.rf.8c90253f8d4e0644335dbd8f7d3f67cf.jpg,1940,844,R,798,385,860,577
34_jpg.rf.8c90253f8d4e0644335dbd8f7d3f67cf.jpg,1940,844,R,1363,393,1452,577
31_jpg.rf.8452bde1467afcce6c1d9879b7fd6cbe.jpg,2012,814,R,1121,190,1385,280
31_jpg.rf.8452bde1467afcce6c1d9879b7fd6cbe.jpg,2012,814,VDC_I,1403,368,1597,568
31_jpg.rf.8452bde1467afcce6c1d9879b7fd6cbe.jpg,2012,814,R,881,338,943,598
31_jpg.rf.8452bde1467afcce6c1d9879b7fd6cbe.jpg,2012,814,IDC,366,400,588,615
24_jpg.rf.74a02bced68b232a30108b26dc1e9774.jpg,1572,1034,IDC_I,363,173,542,383
24_jpg.rf.74a02bced68b232a30108b26dc1e9774.jpg,1572,1034,R,811,228,893,338
24_jpg.rf.74a02bced68b232a30108b26dc1e9774.jpg,1572,1034,R,1231,405,1319,582
24_jpg.rf.74a02bced68b232a30108b26dc1e9774.jpg,1572,1034,R,593,470,697,562
24_jpg.rf.74a02bced68b232a30108b26dc1e9774.jpg,1572,1034,IDC,383,588,527,828
24_jpg.rf.74a02bced68b232a30108b26dc1e9774.jpg,1572,1034,R,851,650,908,790
2_jpg.rf.8828e796b8ec5b72b0e5f5705b16fb0e.jpg,1922,852,R,693,193,830,265
2_jpg.rf.8828e796b8ec5b72b0e5f5705b16fb0e.jpg,1922,852,R,1086,200,1257,277
2_jpg.rf.8828e796b8ec5b72b0e5f5705b16fb0e.jpg,1922,852,R,1403,395,1492,590
2_jpg.rf.8828e796b8ec5b72b0e5f5705b16fb0e.jpg,1922,852,R,511,440,575,602
2_jpg.rf.8828e796b8ec5b72b0e5f5705b16fb0e.jpg,1922,852,IDC,103,468,282,600
126_jpg.rf.99ed7533483e913e441ac2de77a7e92d.jpg,698,236,R,478,88,509,136
126_jpg.rf.99ed7533483e913e441ac2de77a7e92d.jpg,698,236,IDC,581,92,615,133
126_jpg.rf.99ed7533483e913e441ac2de77a7e92d.jpg,698,236,IDC,104,117,147,162
126_jpg.rf.99ed7533483e913e441ac2de77a7e92d.jpg,698,236,R,213,116,234,170
126_jpg.rf.99ed7533483e913e441ac2de77a7e92d.jpg,698,236,R,386,45,443,67
126_jpg.rf.99ed7533483e913e441ac2de77a7e92d.jpg,698,236,R,287,52,335,74
25_jpg.rf.8f2495146efb0760d37de0204e33723b.jpg,1918,854,R,401,148,540,238
25_jpg.rf.8f2495146efb0760d37de0204e33723b.jpg,1918,854,VDC,833,110,1060,277
25_jpg.rf.8f2495146efb0760d37de0204e33723b.jpg,1918,854,R,661,253,733,405
25_jpg.rf.8f2495146efb0760d37de0204e33723b.jpg,1918,854,R,211,275,283,432
25_jpg.rf.8f2495146efb0760d37de0204e33723b.jpg,1918,854,R,1126,303,1212,483
25_jpg.rf.8f2495146efb0760d37de0204e33723b.jpg,1918,854,VDC,671,468,783,638
37_jpg.rf.7c81a35140f843356659c7fd7192e268.jpg,1616,1012,R,365,120,515,192
37_jpg.rf.7c81a35140f843356659c7fd7192e268.jpg,1616,1012,R,591,265,675,390
37_jpg.rf.7c81a35140f843356659c7fd7192e268.jpg,1616,1012,VDC,183,453,315,615
37_jpg.rf.7c81a35140f843356659c7fd7192e268.jpg,1616,1012,R,1141,440,1212,632
37_jpg.rf.7c81a35140f843356659c7fd7192e268.jpg,1616,1012,VDC,543,483,687,633
23_jpg.rf.85a9b843c10d4a7f9bc4834b27413658.jpg,1562,1040,VDC,581,128,748,300
23_jpg.rf.85a9b843c10d4a7f9bc4834b27413658.jpg,1562,1040,IDC,371,493,585,613
23_jpg.rf.85a9b843c10d4a7f9bc4834b27413658.jpg,1562,1040,R,781,523,977,640
23_jpg.rf.85a9b843c10d4a7f9bc4834b27413658.jpg,1562,1040,R,991,648,1090,815
23_jpg.rf.85a9b843c10d4a7f9bc4834b27413658.jpg,1562,1040,R,263,658,315,838
23_jpg.rf.85a9b843c10d4a7f9bc4834b27413658.jpg,1562,1040,R,636,705,688,842
128_jpg.rf.971e86f4d010cbeb5e08de4bf6657d33.jpg,829,420,R,545,132,598,154
128_jpg.rf.971e86f4d010cbeb5e08de4bf6657d33.jpg,829,420,R,370,127,443,163
128_jpg.rf.971e86f4d010cbeb5e08de4bf6657d33.jpg,829,420,R,199,138,265,158
128_jpg.rf.971e86f4d010cbeb5e08de4bf6657d33.jpg,829,420,R,472,196,499,258
128_jpg.rf.971e86f4d010cbeb5e08de4bf6657d33.jpg,829,420,VDC,103,206,144,269
128_jpg.rf.971e86f4d010cbeb5e08de4bf6657d33.jpg,829,420,VDC,657,218,688,269
128_jpg.rf.971e86f4d010cbeb5e08de4bf6657d33.jpg,829,420,IDC,436,59,490,89
36_jpg.rf.bc6533b6e1f15d7cbc16138ce43acc74.jpg,1878,876,R,1136,260,1247,452
36_jpg.rf.bc6533b6e1f15d7cbc16138ce43acc74.jpg,1878,876,R,616,283,735,468
36_jpg.rf.bc6533b6e1f15d7cbc16138ce43acc74.jpg,1878,876,IDC,348,303,552,560
39_jpg.rf.a5213d5a5b072edfcc5787f144b76ad3.jpg,1954,838,R,1479,102,1626,174
39_jpg.rf.a5213d5a5b072edfcc5787f144b76ad3.jpg,1954,838,VDC_I,1061,84,1254,208
39_jpg.rf.a5213d5a5b072edfcc5787f144b76ad3.jpg,1954,838,R,683,120,820,178
39_jpg.rf.a5213d5a5b072edfcc5787f144b76ad3.jpg,1954,838,R,317,114,416,208
39_jpg.rf.a5213d5a5b072edfcc5787f144b76ad3.jpg,1954,838,R,1311,258,1358,376
39_jpg.rf.a5213d5a5b072edfcc5787f144b76ad3.jpg,1954,838,R,909,262,996,392
39_jpg.rf.a5213d5a5b072edfcc5787f144b76ad3.jpg,1954,838,R,521,296,564,386
39_jpg.rf.a5213d5a5b072edfcc5787f144b76ad3.jpg,1954,838,R,1649,352,1714,452
39_jpg.rf.a5213d5a5b072edfcc5787f144b76ad3.jpg,1954,838,VDC,111,384,264,528
39_jpg.rf.a5213d5a5b072edfcc5787f144b76ad3.jpg,1954,838,R,625,632,816,728
39_jpg.rf.a5213d5a5b072edfcc5787f144b76ad3.jpg,1954,838,GND,513,696,594,764
119_jpg.rf.904dce868f5f9e10f3725533a15c992c.jpg,686,280,VDC,553,127,586,179
119_jpg.rf.904dce868f5f9e10f3725533a15c992c.jpg,686,280,VDC,118,125,144,184
119_jpg.rf.904dce868f5f9e10f3725533a15c992c.jpg,686,280,R,264,231,322,253
119_jpg.rf.904dce868f5f9e10f3725533a15c992c.jpg,686,280,VDC,236,48,287,82
119_jpg.rf.904dce868f5f9e10f3725533a15c992c.jpg,686,280,R,419,58,480,77
28_jpg.rf.d0acb9233485c1df044dd835094000a7.jpg,2002,820,VDC,586,148,838,355
28_jpg.rf.d0acb9233485c1df044dd835094000a7.jpg,2002,820,R,416,335,515,514
28_jpg.rf.d0acb9233485c1df044dd835094000a7.jpg,2002,820,R,908,370,972,532
28_jpg.rf.d0acb9233485c1df044dd835094000a7.jpg,2002,820,IDC,1221,363,1392,577
132_jpg.rf.bf4e81cd074fd5ebb4c2971660ea2fa5.jpg,746,266,IDC_I,422,111,453,159
132_jpg.rf.bf4e81cd074fd5ebb4c2971660ea2fa5.jpg,746,266,IDC,304,129,330,169
132_jpg.rf.bf4e81cd074fd5ebb4c2971660ea2fa5.jpg,746,266,R,463,64,530,85
132_jpg.rf.bf4e81cd074fd5ebb4c2971660ea2fa5.jpg,746,266,R,214,76,271,91
123_jpg.rf.8a21cc813bd7f897fc751d38f783911e.jpg,631,432,VDC,502,101,547,145
123_jpg.rf.8a21cc813bd7f897fc751d38f783911e.jpg,631,432,IDC,124,100,168,165
123_jpg.rf.8a21cc813bd7f897fc751d38f783911e.jpg,631,432,VDC,263,109,305,156
123_jpg.rf.8a21cc813bd7f897fc751d38f783911e.jpg,631,432,R,412,192,458,215
123_jpg.rf.8a21cc813bd7f897fc751d38f783911e.jpg,631,432,R,192,193,247,227
123_jpg.rf.8a21cc813bd7f897fc751d38f783911e.jpg,631,432,R,524,253,545,303
123_jpg.rf.8a21cc813bd7f897fc751d38f783911e.jpg,631,432,R,136,250,158,308
123_jpg.rf.8a21cc813bd7f897fc751d38f783911e.jpg,631,432,IDC,276,273,320,324
123_jpg.rf.8a21cc813bd7f897fc751d38f783911e.jpg,631,432,R,379,356,433,378
123_jpg.rf.8a21cc813bd7f897fc751d38f783911e.jpg,631,432,VDC,185,348,245,399
123_jpg.rf.8a21cc813bd7f897fc751d38f783911e.jpg,631,432,R,380,68,452,86
123_jpg.rf.8a21cc813bd7f897fc751d38f783911e.jpg,631,432,R,203,72,246,94
27_jpg.rf.9b617c7f6f3f11c4f2bf67965698ef0e.jpg,1878,874,R,1083,155,1334,250
27_jpg.rf.9b617c7f6f3f11c4f2bf67965698ef0e.jpg,1878,874,R,526,355,598,502
27_jpg.rf.9b617c7f6f3f11c4f2bf67965698ef0e.jpg,1878,874,IDC,861,321,1015,545
27_jpg.rf.9b617c7f6f3f11c4f2bf67965698ef0e.jpg,1878,874,IDC,1483,370,1659,597
19_jpg.rf.b801f2cd38e94c8f8e7d9c84e0e057af.jpg,1874,874,R,471,178,643,263
19_jpg.rf.b801f2cd38e94c8f8e7d9c84e0e057af.jpg,1874,874,R,896,185,1112,262
19_jpg.rf.b801f2cd38e94c8f8e7d9c84e0e057af.jpg,1874,874,R,728,313,802,505
19_jpg.rf.b801f2cd38e94c8f8e7d9c84e0e057af.jpg,1874,874,IDC,1116,345,1292,597
19_jpg.rf.b801f2cd38e94c8f8e7d9c84e0e057af.jpg,1874,874,R,1508,400,1577,557
19_jpg.rf.b801f2cd38e94c8f8e7d9c84e0e057af.jpg,1874,874,VDC,256,390,380,567
104_jpg.rf.9e10041972b4bbbf7403d4775bb854af.jpg,692,312,R,319,91,336,131
104_jpg.rf.9e10041972b4bbbf7403d4775bb854af.jpg,692,312,R,120,99,153,137
104_jpg.rf.9e10041972b4bbbf7403d4775bb854af.jpg,692,312,R,469,111,492,157
104_jpg.rf.9e10041972b4bbbf7403d4775bb854af.jpg,692,312,R,197,152,235,175
104_jpg.rf.9e10041972b4bbbf7403d4775bb854af.jpg,692,312,VDC,121,184,159,235
104_jpg.rf.9e10041972b4bbbf7403d4775bb854af.jpg,692,312,IDC_I,313,196,337,238
62_jpg.rf.a2f404e748493f53bb7d2b121da2e385.jpg,1310,710,R,569,170,692,216
62_jpg.rf.a2f404e748493f53bb7d2b121da2e385.jpg,1310,710,IDC,329,313,465,463
62_jpg.rf.a2f404e748493f53bb7d2b121da2e385.jpg,1310,710,R,912,317,983,475
62_jpg.rf.a2f404e748493f53bb7d2b121da2e385.jpg,1310,710,R,556,526,692,601
60_jpg.rf.c18ca6fd9c20f94728f7c9fc1ea8eea0.jpg,1439,699,R,645,102,802,164
60_jpg.rf.c18ca6fd9c20f94728f7c9fc1ea8eea0.jpg,1439,699,R,1043,258,1098,388
60_jpg.rf.c18ca6fd9c20f94728f7c9fc1ea8eea0.jpg,1439,699,VDC,347,258,504,422
60_jpg.rf.c18ca6fd9c20f94728f7c9fc1ea8eea0.jpg,1439,699,R,629,482,802,570
131_jpg.rf.be223b8d82e5393f7d5669edba08d685.jpg,754,269,IDC,607,97,640,144
131_jpg.rf.be223b8d82e5393f7d5669edba08d685.jpg,754,269,IDC,111,99,138,162
131_jpg.rf.be223b8d82e5393f7d5669edba08d685.jpg,754,269,R,481,109,497,156
131_jpg.rf.be223b8d82e5393f7d5669edba08d685.jpg,754,269,R,243,111,275,161
131_jpg.rf.be223b8d82e5393f7d5669edba08d685.jpg,754,269,R,321,43,385,66
58_jpg.rf.d1879a8a4ed73876b7da7f239bf1b500.jpg,1433,747,R,590,105,742,149
58_jpg.rf.d1879a8a4ed73876b7da7f239bf1b500.jpg,1433,747,R,1034,235,1102,370
58_jpg.rf.d1879a8a4ed73876b7da7f239bf1b500.jpg,1433,747,VDC,329,270,466,396
58_jpg.rf.d1879a8a4ed73876b7da7f239bf1b500.jpg,1433,747,R,614,505,755,576
58_jpg.rf.d1879a8a4ed73876b7da7f239bf1b500.jpg,1433,747,GND,1040,565,1164,650
129_jpg.rf.b00a366c59c8d4fb352a577c9ec571f1.jpg,746,289,R,507,102,534,171
129_jpg.rf.b00a366c59c8d4fb352a577c9ec571f1.jpg,746,289,IDC,256,121,290,169
129_jpg.rf.b00a366c59c8d4fb352a577c9ec571f1.jpg,746,289,IDC,607,121,643,174
129_jpg.rf.b00a366c59c8d4fb352a577c9ec571f1.jpg,746,289,R,131,132,155,178
129_jpg.rf.b00a366c59c8d4fb352a577c9ec571f1.jpg,746,289,R,395,68,458,91
32_jpg.rf.d46cf718f01062318797045b7fd5f886.jpg,1546,1058,R,863,125,989,180
32_jpg.rf.d46cf718f01062318797045b7fd5f886.jpg,1546,1058,R,478,128,622,195
32_jpg.rf.d46cf718f01062318797045b7fd5f886.jpg,1546,1058,R,703,275,775,410
32_jpg.rf.d46cf718f01062318797045b7fd5f886.jpg,1546,1058,VDC,1036,335,1187,580
32_jpg.rf.d46cf718f01062318797045b7fd5f886.jpg,1546,1058,VDC,318,375,442,582
32_jpg.rf.d46cf718f01062318797045b7fd5f886.jpg,1546,1058,R,695,660,757,780
26_jpg.rf.d42f5b2fd81f8813e7c0a129f93afa40.jpg,1448,1132,R,563,220,737,302
26_jpg.rf.d42f5b2fd81f8813e7c0a129f93afa40.jpg,1448,1132,IDC,321,335,455,542
26_jpg.rf.d42f5b2fd81f8813e7c0a129f93afa40.jpg,1448,1132,R,788,625,964,690
26_jpg.rf.d42f5b2fd81f8813e7c0a129f93afa40.jpg,1448,1132,R,476,628,608,708
26_jpg.rf.d42f5b2fd81f8813e7c0a129f93afa40.jpg,1448,1132,R,328,723,427,880
26_jpg.rf.d42f5b2fd81f8813e7c0a129f93afa40.jpg,1448,1132,R,646,755,720,907
26_jpg.rf.d42f5b2fd81f8813e7c0a129f93afa40.jpg,1448,1132,IDC,953,738,1074,925
49_jpg.rf.df472f7d6b5cdd2de13bd79715710d9d.jpg,1702,962,IDC,746,95,890,235
49_jpg.rf.df472f7d6b5cdd2de13bd79715710d9d.jpg,1702,962,R,613,320,710,375
49_jpg.rf.df472f7d6b5cdd2de13bd79715710d9d.jpg,1702,962,R,861,338,1017,405
49_jpg.rf.df472f7d6b5cdd2de13bd79715710d9d.jpg,1702,962,R,786,438,828,563
49_jpg.rf.df472f7d6b5cdd2de13bd79715710d9d.jpg,1702,962,VDC_I,1063,483,1204,670
49_jpg.rf.df472f7d6b5cdd2de13bd79715710d9d.jpg,1702,962,R,491,508,558,648
49_jpg.rf.df472f7d6b5cdd2de13bd79715710d9d.jpg,1702,962,IDC,208,505,310,665
49_jpg.rf.df472f7d6b5cdd2de13bd79715710d9d.jpg,1702,962,IDC,1368,510,1464,662
49_jpg.rf.df472f7d6b5cdd2de13bd79715710d9d.jpg,1702,962,VDC,761,595,848,762
53_jpg.rf.e74d6a3be066fc8eaf802eb6918189fd.jpg,1509,872,R,1101,294,1158,452
53_jpg.rf.e74d6a3be066fc8eaf802eb6918189fd.jpg,1509,872,VDC,307,320,506,498
53_jpg.rf.e74d6a3be066fc8eaf802eb6918189fd.jpg,1509,872,GND,685,672,828,762
4_jpg.rf.dc63968b83a282144b1e1a5e6ffd7616.jpg,2054,796,R,698,263,785,420
4_jpg.rf.dc63968b83a282144b1e1a5e6ffd7616.jpg,2054,796,IDC,263,263,390,493
4_jpg.rf.dc63968b83a282144b1e1a5e6ffd7616.jpg,2054,796,R,1483,343,1567,512
13_jpg.rf.d72185e5bf007a3b552d281e6348c3c2.jpg,1992,822,R,928,150,1115,212
13_jpg.rf.d72185e5bf007a3b552d281e6348c3c2.jpg,1992,822,VDC,353,240,477,455
13_jpg.rf.d72185e5bf007a3b552d281e6348c3c2.jpg,1992,822,R,1519,318,1570,468
13_jpg.rf.d72185e5bf007a3b552d281e6348c3c2.jpg,1992,822,R,713,320,767,472
13_jpg.rf.d72185e5bf007a3b552d281e6348c3c2.jpg,1992,822,R,1251,345,1310,485
13_jpg.rf.d72185e5bf007a3b552d281e6348c3c2.jpg,1992,822,GND,679,675,817,778
16_jpg.rf.eae88218a68f86c69fa03630ae02bc4b.jpg,1746,938,R,854,378,947,504
16_jpg.rf.eae88218a68f86c69fa03630ae02bc4b.jpg,1746,938,R,1139,382,1223,508
16_jpg.rf.eae88218a68f86c69fa03630ae02bc4b.jpg,1746,938,VDC,458,350,622,582
1_jpg.rf.d3189d7fcbcb8e7f0eb71fec50919d2e.jpg,1608,1012,R,738,115,877,200
1_jpg.rf.d3189d7fcbcb8e7f0eb71fec50919d2e.jpg,1608,1012,R,548,315,608,465
1_jpg.rf.d3189d7fcbcb8e7f0eb71fec50919d2e.jpg,1608,1012,IDC,1353,353,1497,538
1_jpg.rf.d3189d7fcbcb8e7f0eb71fec50919d2e.jpg,1608,1012,IDC_I,141,373,288,548
1_jpg.rf.d3189d7fcbcb8e7f0eb71fec50919d2e.jpg,1608,1012,R,1017,405,1082,530
130_jpg.rf.d2598b5e62cf3cdaca6bf80806c28bdc.jpg,686,254,IDC,566,95,597,147
130_jpg.rf.d2598b5e62cf3cdaca6bf80806c28bdc.jpg,686,254,IDC,102,105,149,150
130_jpg.rf.d2598b5e62cf3cdaca6bf80806c28bdc.jpg,686,254,R,238,110,251,160
130_jpg.rf.d2598b5e62cf3cdaca6bf80806c28bdc.jpg,686,254,R,447,105,482,169
130_jpg.rf.d2598b5e62cf3cdaca6bf80806c28bdc.jpg,686,254,R,300,57,380,86
100_jpg.rf.f2469607bc3991e3b277b7c89e6fc4aa.jpg,688,282,R,504,103,528,161
100_jpg.rf.f2469607bc3991e3b277b7c89e6fc4aa.jpg,688,282,IDC,572,115,609,173
100_jpg.rf.f2469607bc3991e3b277b7c89e6fc4aa.jpg,688,282,R,249,127,272,169
100_jpg.rf.f2469607bc3991e3b277b7c89e6fc4aa.jpg,688,282,VDC,90,147,135,190
100_jpg.rf.f2469607bc3991e3b277b7c89e6fc4aa.jpg,688,282,R,419,62,505,82
100_jpg.rf.f2469607bc3991e3b277b7c89e6fc4aa.jpg,688,282,R,327,66,380,86
100_jpg.rf.f2469607bc3991e3b277b7c89e6fc4aa.jpg,688,282,R,181,73,232,90
42_jpg.rf.cf80468b637a2f019643d9ba757df2b7.jpg,1664,978,R,683,118,892,205
42_jpg.rf.cf80468b637a2f019643d9ba757df2b7.jpg,1664,978,R,1076,298,1167,475
42_jpg.rf.cf80468b637a2f019643d9ba757df2b7.jpg,1664,978,VDC,293,388,463,565
55_jpg.rf.96401df9bf7286488d29194243acf50f.jpg,1830,555,R,1113,180,1172,347
55_jpg.rf.96401df9bf7286488d29194243acf50f.jpg,1830,555,R,716,180,785,350
55_jpg.rf.96401df9bf7286488d29194243acf50f.jpg,1830,555,R,1451,188,1512,343
55_jpg.rf.96401df9bf7286488d29194243acf50f.jpg,1830,555,VDC,308,205,427,330
55_jpg.rf.96401df9bf7286488d29194243acf50f.jpg,1830,555,GND,876,485,1005,537
114_jpg.rf.e2f08547623d0ad92c6d57b6306c756d.jpg,652,311,VDC,355,84,391,124
114_jpg.rf.e2f08547623d0ad92c6d57b6306c756d.jpg,652,311,VDC,110,101,134,151
114_jpg.rf.e2f08547623d0ad92c6d57b6306c756d.jpg,652,311,R,378,164,392,209
114_jpg.rf.e2f08547623d0ad92c6d57b6306c756d.jpg,652,311,R,112,169,139,219
114_jpg.rf.e2f08547623d0ad92c6d57b6306c756d.jpg,652,311,R,205,44,264,69
110_jpg.rf.fbdca43cdb9799ce5de283ff97398098.jpg,830,228,IDC,529,74,556,132
110_jpg.rf.fbdca43cdb9799ce5de283ff97398098.jpg,830,228,R,718,87,743,140
110_jpg.rf.fbdca43cdb9799ce5de283ff97398098.jpg,830,228,R,325,87,348,147
110_jpg.rf.fbdca43cdb9799ce5de283ff97398098.jpg,830,228,IDC,107,91,152,144
30_jpg.rf.f9e0deea75f3de36b51953bebfe41389.jpg,1938,838,R,1159,162,1318,258
30_jpg.rf.f9e0deea75f3de36b51953bebfe41389.jpg,1938,838,VDC_I,1401,332,1522,530
30_jpg.rf.f9e0deea75f3de36b51953bebfe41389.jpg,1938,838,R,847,360,912,514
30_jpg.rf.f9e0deea75f3de36b51953bebfe41389.jpg,1938,838,IDC,373,320,597,577
112_jpg.rf.f5b5ed63bc555fb9cce078c9926e7de7.jpg,610,321,R,231,88,289,118
112_jpg.rf.f5b5ed63bc555fb9cce078c9926e7de7.jpg,610,321,R,479,147,505,201
112_jpg.rf.f5b5ed63bc555fb9cce078c9926e7de7.jpg,610,321,VDC,129,148,169,220
112_jpg.rf.f5b5ed63bc555fb9cce078c9926e7de7.jpg,610,321,VDC,367,71,426,117
121_jpg.rf.dc9fa095dfb1a4dac6b3c9b5455bfa19.jpg,634,215,R,520,77,541,123
121_jpg.rf.dc9fa095dfb1a4dac6b3c9b5455bfa19.jpg,634,215,IDC,85,63,134,121
121_jpg.rf.dc9fa095dfb1a4dac6b3c9b5455bfa19.jpg,634,215,R,394,70,422,125
121_jpg.rf.dc9fa095dfb1a4dac6b3c9b5455bfa19.jpg,634,215,R,254,73,289,123
124_jpg.rf.c5b67dbb99dae4d953831f943d092951.jpg,802,291,IDC,106,84,137,130
124_jpg.rf.c5b67dbb99dae4d953831f943d092951.jpg,802,291,VDC_I,421,94,463,140
124_jpg.rf.c5b67dbb99dae4d953831f943d092951.jpg,802,291,R,596,94,628,140
124_jpg.rf.c5b67dbb99dae4d953831f943d092951.jpg,802,291,R,254,93,281,153
124_jpg.rf.c5b67dbb99dae4d953831f943d092951.jpg,802,291,IDC_I,667,105,705,174
124_jpg.rf.c5b67dbb99dae4d953831f943d092951.jpg,802,291,VDC,338,36,374,66
124_jpg.rf.c5b67dbb99dae4d953831f943d092951.jpg,802,291,VDC,519,35,555,67